075FTS,Amy Allison
398ZRK,Patience Baldwin
704UUD,Delilah Mercer
454DUV,Lana Pittman
126ICU,Christine Mcfadden
764DWQ,Francis Singleton
614LAJ,Freya David
822MZQ,Tanek King
820GHF,Emery Madden
660QRQ,William Gilliam
172IBB,Dominique Doyle
040SZP,Armand Santana
636OSH,Winifred Vasquez
648GWN,Kendall Mcgowan
738KIN,Price Francis
551ISK,Sonya Allen
225MKZ,Laura Riddle
924TLL,Venus Nunez
618NMY,Fredericka Reilly
565EBD,Imelda Palmer
023YVK,Stewart Frye
271QVV,Illana Kelley
259MHN,Christian Burgess
511HCD,Dorothy Puckett
149OLI,Camilla Bush
542LEN,Jennifer Morgan
172IVP,Fuller Cote
850DRG,Lee Alvarado
520PUS,Karyn May
155NMT,Kadeem Farrell
021UZE,Chester Knox
215MTD,Anika Callahan
759KXE,Yen Cochran
804JLX,Morgan Sandoval
275HCF,Sydney Stokes
269VUK,Madaline Higgins
438FRC,Clinton Morgan
772SRE,Maya Compton
161CRV,Caesar Shaw
655WXX,Wallace Dodson
110PQZ,Brennan Day
053MHZ,Armando Johnson
059HUA,Baxter Roberts
445YGT,Roanna Mcdaniel
009AKP,Farrah Blanchard
661HLG,Baker Thompson
980RBX,Serena Jimenez
512HUS,Chase Pierce
559WJO,Amity Rodriquez
299DMI,Oprah Nieves
271PFK,Stella Perry
241HKK,Edward Dunn
467QMD,Ronan Stevens
714HRP,Frances Shannon
987TTC,Evan Whitley
698ZOT,Ariana Jacobson
913RSA,Naida Patrick
685LSJ,Alfonso Mcintyre
006TTX,Breanna Guthrie
829SEZ,Noel Kim
201RIE,Lael Reynolds
552SXT,Tanek Frye
833BIJ,Rudyard Watkins
932OAU,Ivan Dodson
816ZRP,Raymond Barton
352YXX,Hermione Christensen
577CJC,Zephania Stevenson
434VXP,Shafira Mckinney
321ANK,Shay Jimenez
017YTK,Abraham Cortez
721BQC,Keane House
477CEO,Maxwell Burks
843RCB,Tad Ross
551XYG,Emi Crawford
260TWJ,Marsden Nicholson
559RZW,Sara Mcmahon
448YCT,Karly Brown
955LQH,Cassidy Ingram
124QYT,Xander Whitfield
690DEA,Jonah Le
133ION,Graiden Walker
610KPU,Isabella Franklin
984CYR,Indira Rodriguez
688INL,Nash Bishop
995FPR,Anastasia Gamble
187LIK,Molly Howell
588ZWC,Cheyenne Charles
867XJD,Riley Burns
063PWE,Kendall Wilcox
199VXM,Alvin Decker
259LTF,Noelani Gaines
142RVA,Carissa Riley
863CAC,Danielle Huber
833SZN,Abel Vaughan
480CSW,Ciaran Koch
424NNT,Jasmine Austin
131NJT,Octavia Ramirez
334ZOM,Merrill Pena
887MLO,Valentine Estrada
249JXK,Charity Joyce